candidate_id,name,email,phone,location,experience,skills
1,Arjun Sharma,arjun.sharma.1@example.com,9896233790,Mumbai,3,"Java, SQL, Python"
2,Aryan Singh,aryan.singh.2@example.com,9826600539,Kolkata,1,"Excel, Tableau, Python"
3,Priya Verma,priya.verma.3@example.com,9131994523,Gurgaon,3,"Java, SQL, Python"
4,Sameer Rao,sameer.rao.4@example.com,9128492780,Kolkata,3,"Python, Machine Learning, SQL"
5,Pranav Mishra,pranav.mishra.5@example.com,9582334538,Ahmedabad,4,"SQL, Python, Excel"
6,Bhavya Chopra,bhavya.chopra.6@example.com,9465341213,Mumbai,2,"Java, SQL, Python"
7,Mohit Singh,mohit.singh.7@example.com,9199585092,Hyderabad,1,"Excel, Power BI, SQL"
8,Naman Rao,naman.rao.8@example.com,9384027113,Delhi,7,"Python, Machine Learning, SQL"
9,Arjun Malhotra,arjun.malhotra.9@example.com,9184611066,Kolkata,4,"Excel, Tableau, Python"
10,Neha Pandey,neha.pandey.10@example.com,9306468299,Gurgaon,0,"Java, SQL, Python"
11,Khushi Gupta,khushi.gupta.11@example.com,9349957310,Gurgaon,6,"Python, Tableau, SQL"
12,Riya Kapoor,riya.kapoor.12@example.com,9274648506,Pune,5,"Java, SQL, Python"
13,Kavya Gupta,kavya.gupta.13@example.com,9754049436,Noida,8,"Java, SQL, Python"
14,Bhavya Agarwal,bhavya.agarwal.14@example.com,9507437181,Mumbai,8,"Java, SQL, Python"
15,Meera Verma,meera.verma.15@example.com,9345938494,Delhi,5,"JavaScript, Python, SQL"
16,Kavya Gupta,kavya.gupta.16@example.com,9326541099,Ahmedabad,5,"Java, SQL, Python"
17,Sakshi Malhotra,sakshi.malhotra.17@example.com,9790256940,Chennai,2,"Python, Tableau, SQL"
18,Aryan Mishra,aryan.mishra.18@example.com,9899925830,Kolkata,8,"Python, Tableau, SQL"
19,Tanvi Chopra,tanvi.chopra.19@example.com,9726563708,Hyderabad,5,"Java, SQL, Python"
20,Aryan Saxena,aryan.saxena.20@example.com,9629908599,Gurgaon,0,"SQL, Power BI, Excel"
21,Ayush Patel,ayush.patel.21@example.com,9950488739,Hyderabad,1,"JavaScript, Python, SQL"
22,Nikhil Rao,nikhil.rao.22@example.com,9602564736,Kolkata,4,"Python, Machine Learning, SQL"
23,Aarav Singh,aarav.singh.23@example.com,9831980933,Kolkata,4,"Excel, Power BI, SQL"
24,Arjun Joshi,arjun.joshi.24@example.com,9566825638,Noida,7,"SQL, Python, Excel"
25,Karan Saxena,karan.saxena.25@example.com,9918150683,Noida,8,"SQL, Power BI, Excel"
26,Manish Saxena,manish.saxena.26@example.com,9753876785,Bangalore,2,"Excel, Power BI, SQL"
27,Bhavya Tiwari,bhavya.tiwari.27@example.com,9936043811,Kolkata,0,"Excel, Tableau, Python"
28,Meera Bansal,meera.bansal.28@example.com,9120912992,Gurgaon,5,"Python, Tableau, SQL"
29,Isha Verma,isha.verma.29@example.com,9358633898,Ahmedabad,1,"SQL, Power BI, Excel"
30,Sakshi Gupta,sakshi.gupta.30@example.com,9916690353,Kolkata,2,"Python, Pandas, SQL"
31,Rohan Tiwari,rohan.tiwari.31@example.com,9277303722,Mumbai,8,"Excel, Tableau, Python"
32,Priya Shah,priya.shah.32@example.com,9679064766,Bangalore,4,"JavaScript, Python, SQL"
33,Neha Agarwal,neha.agarwal.33@example.com,9655742829,Chennai,1,"Java, SQL, Python"
34,Ishaan Gupta,ishaan.gupta.34@example.com,9463016614,Delhi,8,"Java, SQL, Python"
35,Tanvi Mishra,tanvi.mishra.35@example.com,9107721109,Gurgaon,0,"Java, SQL, Python"
36,Aman Verma,aman.verma.36@example.com,9454794895,Gurgaon,8,"Java, SQL, Python"
37,Kavya Bansal,kavya.bansal.37@example.com,9330035022,Kolkata,2,"Excel, Tableau, Python"
38,Sonia Bansal,sonia.bansal.38@example.com,9360916298,Chennai,6,"Java, SQL, Python"
39,Ankit Singh,ankit.singh.39@example.com,9807577342,Hyderabad,5,"JavaScript, Python, SQL"
40,Pranav Agarwal,pranav.agarwal.40@example.com,9882839238,Delhi,1,"SQL, Python, Excel"
41,Pooja Mehta,pooja.mehta.41@example.com,9959629660,Gurgaon,3,"Java, SQL, Python"
42,Deepak Tiwari,deepak.tiwari.42@example.com,9581695135,Noida,6,"Python, Pandas, SQL"
43,Kavya Agarwal,kavya.agarwal.43@example.com,9368227631,Gurgaon,7,"Python, Machine Learning, SQL"
44,Ankit Verma,ankit.verma.44@example.com,9800235246,Kolkata,0,"SQL, Power BI, Excel"
45,Isha Patel,isha.patel.45@example.com,9536383774,Chennai,7,"Java, SQL, Python"
46,Pooja Verma,pooja.verma.46@example.com,9276777762,Hyderabad,0,"JavaScript, Python, SQL"
47,Karan Agarwal,karan.agarwal.47@example.com,9406284028,Hyderabad,8,"SQL, Statistics, Power BI"
48,Ayush Shah,ayush.shah.48@example.com,9418587604,Bangalore,0,"Excel, Tableau, Python"
49,Shreya Verma,shreya.verma.49@example.com,9903132646,Pune,0,"SQL, Python, Excel"
50,Tanvi Bansal,tanvi.bansal.50@example.com,9639931481,Kolkata,2,"SQL, Python, Excel"
51,Sameer Gupta,sameer.gupta.51@example.com,9299528037,Gurgaon,1,"Java, SQL, Python"
52,Pooja Singh,pooja.singh.52@example.com,9711684318,Bangalore,0,"Excel, Tableau, Python"
53,Ananya Chopra,ananya.chopra.53@example.com,9805849060,Ahmedabad,8,"Excel, Power BI, SQL"
54,Karan Shah,karan.shah.54@example.com,9819112790,Pune,3,"Python, Tableau, SQL"
55,Pooja Kumar,pooja.kumar.55@example.com,9821221887,Mumbai,7,"Excel, Power BI, SQL"
56,Aman Sharma,aman.sharma.56@example.com,9592080329,Ahmedabad,1,"SQL, Power BI, Excel"
57,Shreya Shah,shreya.shah.57@example.com,9643189555,Mumbai,2,"Excel, Power BI, SQL"
58,Aman Mishra,aman.mishra.58@example.com,9496776692,Mumbai,2,"SQL, Statistics, Power BI"
59,Shreya Joshi,shreya.joshi.59@example.com,9756783995,Kolkata,0,"Python, Machine Learning, SQL"
60,Manish Singh,manish.singh.60@example.com,9244193987,Mumbai,1,"SQL, Power BI, Excel"
61,Sneha Kumar,sneha.kumar.61@example.com,9392431670,Mumbai,3,"Excel, Power BI, SQL"
62,Diya Dubey,diya.dubey.62@example.com,9642678844,Chennai,4,"SQL, Python, Excel"
63,Ananya Chopra,ananya.chopra.63@example.com,9990505735,Mumbai,0,"SQL, Python, Excel"
64,Mohit Kumar,mohit.kumar.64@example.com,9784095277,Mumbai,2,"SQL, Statistics, Power BI"
65,Sneha Chopra,sneha.chopra.65@example.com,9702269164,Delhi,1,"SQL, Power BI, Excel"
66,Ayush Tiwari,ayush.tiwari.66@example.com,9138684919,Pune,8,"Python, Pandas, SQL"
67,Priya Kumar,priya.kumar.67@example.com,9144913399,Mumbai,5,"SQL, Python, Excel"
68,Naman Shah,naman.shah.68@example.com,9832363533,Bangalore,1,"Excel, Power BI, SQL"
69,Sneha Chopra,sneha.chopra.69@example.com,9766430218,Noida,3,"Python, Pandas, SQL"
70,Chetan Chopra,chetan.chopra.70@example.com,9126614158,Noida,5,"JavaScript, Python, SQL"
71,Isha Dubey,isha.dubey.71@example.com,9270937380,Gurgaon,6,"SQL, Python, Excel"
72,Rohan Mishra,rohan.mishra.72@example.com,9314289692,Chennai,5,"Python, Tableau, SQL"
73,Ishaan Mishra,ishaan.mishra.73@example.com,9125409494,Bangalore,6,"Excel, Power BI, SQL"
74,Kavya Gupta,kavya.gupta.74@example.com,9930353157,Mumbai,5,"Python, Machine Learning, SQL"
75,Pooja Tiwari,pooja.tiwari.75@example.com,9455569462,Delhi,1,"Python, Tableau, SQL"
76,Chetan Pandey,chetan.pandey.76@example.com,9385042337,Delhi,1,"Excel, Tableau, Python"
77,Priya Kapoor,priya.kapoor.77@example.com,9882269302,Pune,6,"Excel, Tableau, Python"
78,Sameer Singh,sameer.singh.78@example.com,9513600440,Ahmedabad,3,"Python, Tableau, SQL"
79,Aditya Chopra,aditya.chopra.79@example.com,9101815992,Kolkata,8,"Java, SQL, Python"
80,Neha Chopra,neha.chopra.80@example.com,9175133802,Pune,5,"SQL, Power BI, Excel"
81,Manish Saxena,manish.saxena.81@example.com,9432091877,Hyderabad,5,"JavaScript, Python, SQL"
82,Khushi Tiwari,khushi.tiwari.82@example.com,9236674237,Bangalore,6,"JavaScript, Python, SQL"
83,Chetan Rao,chetan.rao.83@example.com,9711072118,Mumbai,6,"Python, Machine Learning, SQL"
84,Aarav Joshi,aarav.joshi.84@example.com,9408071259,Bangalore,6,"Excel, Tableau, Python"
85,Varun Mehta,varun.mehta.85@example.com,9599277266,Chennai,7,"Java, SQL, Python"
86,Sameer Bansal,sameer.bansal.86@example.com,9952266893,Noida,1,"Python, Tableau, SQL"
87,Sameer Rao,sameer.rao.87@example.com,9459905654,Gurgaon,3,"Python, Tableau, SQL"
88,Ishaan Shah,ishaan.shah.88@example.com,9258220114,Delhi,0,"Java, SQL, Python"
89,Rohan Rao,rohan.rao.89@example.com,9925159146,Gurgaon,7,"JavaScript, Python, SQL"
90,Sonia Shah,sonia.shah.90@example.com,9871318048,Hyderabad,7,"JavaScript, Python, SQL"
91,Isha Kumar,isha.kumar.91@example.com,9804436922,Delhi,1,"JavaScript, Python, SQL"
92,Ishaan Patel,ishaan.patel.92@example.com,9963406382,Kolkata,7,"SQL, Python, Excel"
93,Sneha Mishra,sneha.mishra.93@example.com,9230307805,Chennai,2,"SQL, Statistics, Power BI"
94,Shivam Tiwari,shivam.tiwari.94@example.com,9739362057,Pune,7,"Excel, Tableau, Python"
95,Sameer Chopra,sameer.chopra.95@example.com,9991816852,Kolkata,7,"Python, Pandas, SQL"
96,Rohan Agarwal,rohan.agarwal.96@example.com,9378304807,Bangalore,4,"Python, Machine Learning, SQL"
97,Sakshi Mishra,sakshi.mishra.97@example.com,9394846763,Chennai,1,"Python, Tableau, SQL"
98,Isha Dubey,isha.dubey.98@example.com,9460613550,Pune,8,"SQL, Power BI, Excel"
99,Aryan Kumar,aryan.kumar.99@example.com,9348315126,Hyderabad,2,"Java, SQL, Python"
100,Aman Chopra,aman.chopra.100@example.com,9537656494,Pune,8,"SQL, Statistics, Power BI"
101,Pranav Verma,pranav.verma.101@example.com,9322086735,Hyderabad,6,"Excel, Tableau, Python"
102,Aditi Pandey,aditi.pandey.102@example.com,9508431021,Chennai,0,"Excel, Power BI, SQL"
103,Manish Malhotra,manish.malhotra.103@example.com,9997356828,Hyderabad,8,"Python, Machine Learning, SQL"
104,Varun Mishra,varun.mishra.104@example.com,9624232414,Bangalore,4,"JavaScript, Python, SQL"
105,Sakshi Sharma,sakshi.sharma.105@example.com,9517532243,Pune,6,"Python, Pandas, SQL"
106,Riya Kumar,riya.kumar.106@example.com,9768143326,Kolkata,0,"JavaScript, Python, SQL"
107,Tanvi Pandey,tanvi.pandey.107@example.com,9811890569,Delhi,1,"JavaScript, Python, SQL"
108,Aryan Agarwal,aryan.agarwal.108@example.com,9295130056,Delhi,4,"JavaScript, Python, SQL"
109,Meera Shah,meera.shah.109@example.com,9588229686,Pune,5,"JavaScript, Python, SQL"
110,Kavya Chopra,kavya.chopra.110@example.com,9370874491,Gurgaon,7,"SQL, Python, Excel"
111,Shreya Verma,shreya.verma.111@example.com,9475767056,Bangalore,1,"SQL, Python, Excel"
112,Aditi Mishra,aditi.mishra.112@example.com,9314061901,Delhi,2,"Java, SQL, Python"
113,Aryan Bansal,aryan.bansal.113@example.com,9818825964,Gurgaon,3,"SQL, Statistics, Power BI"
114,Karan Kapoor,karan.kapoor.114@example.com,9280162221,Ahmedabad,1,"Python, Pandas, SQL"
115,Manish Singh,manish.singh.115@example.com,9721358005,Delhi,4,"Excel, Tableau, Python"
116,Nikhil Malhotra,nikhil.malhotra.116@example.com,9867741192,Bangalore,1,"Excel, Tableau, Python"
117,Isha Singh,isha.singh.117@example.com,9848605284,Mumbai,1,"Excel, Tableau, Python"
118,Aditya Kapoor,aditya.kapoor.118@example.com,9672030854,Hyderabad,5,"SQL, Power BI, Excel"
119,Sameer Mehta,sameer.mehta.119@example.com,9113585139,Hyderabad,7,"SQL, Power BI, Excel"
120,Priya Kapoor,priya.kapoor.120@example.com,9782454310,Chennai,2,"JavaScript, Python, SQL"
121,Chetan Saxena,chetan.saxena.121@example.com,9798423334,Mumbai,8,"SQL, Statistics, Power BI"
122,Riya Chopra,riya.chopra.122@example.com,9986625773,Ahmedabad,4,"Excel, Power BI, SQL"
123,Isha Gupta,isha.gupta.123@example.com,9399496923,Chennai,3,"SQL, Statistics, Power BI"
124,Sonia Rao,sonia.rao.124@example.com,9817461907,Hyderabad,5,"SQL, Python, Excel"
125,Sakshi Mehta,sakshi.mehta.125@example.com,9295249057,Chennai,3,"Excel, Power BI, SQL"
126,Karan Mehta,karan.mehta.126@example.com,9400281010,Ahmedabad,4,"Python, Machine Learning, SQL"
127,Aarav Saxena,aarav.saxena.127@example.com,9305145276,Gurgaon,3,"JavaScript, Python, SQL"
128,Sakshi Tiwari,sakshi.tiwari.128@example.com,9914073098,Bangalore,7,"SQL, Statistics, Power BI"
129,Rahul Sharma,rahul.sharma.129@example.com,9199915275,Mumbai,3,"JavaScript, Python, SQL"
130,Isha Joshi,isha.joshi.130@example.com,9812921644,Ahmedabad,5,"SQL, Statistics, Power BI"
131,Sneha Saxena,sneha.saxena.131@example.com,9469106688,Hyderabad,8,"Excel, Power BI, SQL"
132,Naman Agarwal,naman.agarwal.132@example.com,9390894296,Mumbai,4,"Java, SQL, Python"
133,Arjun Shah,arjun.shah.133@example.com,9438817025,Gurgaon,8,"Python, Pandas, SQL"
134,Deepak Shah,deepak.shah.134@example.com,9893070706,Chennai,4,"Excel, Tableau, Python"
135,Shivam Rao,shivam.rao.135@example.com,9403867539,Gurgaon,3,"Python, Tableau, SQL"
136,Ishaan Kapoor,ishaan.kapoor.136@example.com,9292673892,Mumbai,0,"Python, Machine Learning, SQL"
137,Aryan Dubey,aryan.dubey.137@example.com,9148872110,Delhi,8,"Python, Tableau, SQL"
138,Aryan Bansal,aryan.bansal.138@example.com,9210152642,Delhi,4,"SQL, Statistics, Power BI"
139,Rohan Agarwal,rohan.agarwal.139@example.com,9465830215,Noida,0,"Python, Tableau, SQL"
140,Rohan Singh,rohan.singh.140@example.com,9982739959,Gurgaon,6,"SQL, Statistics, Power BI"
141,Aman Pandey,aman.pandey.141@example.com,9775862179,Delhi,2,"Python, Pandas, SQL"
142,Sonia Joshi,sonia.joshi.142@example.com,9191462297,Bangalore,1,"Python, Machine Learning, SQL"
143,Pranav Rao,pranav.rao.143@example.com,9740086326,Ahmedabad,3,"Python, Machine Learning, SQL"
144,Nikhil Agarwal,nikhil.agarwal.144@example.com,9575368059,Mumbai,6,"Python, Tableau, SQL"
145,Sonia Rao,sonia.rao.145@example.com,9164671796,Ahmedabad,1,"Java, SQL, Python"
146,Diya Dubey,diya.dubey.146@example.com,9809129316,Gurgaon,2,"Java, SQL, Python"
147,Chetan Tiwari,chetan.tiwari.147@example.com,9180600295,Noida,0,"JavaScript, Python, SQL"
148,Rahul Rao,rahul.rao.148@example.com,9604564682,Mumbai,0,"Java, SQL, Python"
149,Khushi Joshi,khushi.joshi.149@example.com,9854827139,Chennai,1,"Java, SQL, Python"
150,Karan Pandey,karan.pandey.150@example.com,9809939880,Bangalore,6,"SQL, Power BI, Excel"
151,Shreya Mishra,shreya.mishra.151@example.com,9795392488,Noida,4,"Python, Pandas, SQL"
152,Aman Verma,aman.verma.152@example.com,9278158234,Mumbai,4,"SQL, Statistics, Power BI"
153,Arjun Agarwal,arjun.agarwal.153@example.com,9839462365,Mumbai,6,"Python, Tableau, SQL"
154,Sameer Tiwari,sameer.tiwari.154@example.com,9630208579,Chennai,1,"Excel, Tableau, Python"
155,Aditya Chopra,aditya.chopra.155@example.com,9888699799,Pune,4,"SQL, Python, Excel"
156,Ananya Mishra,ananya.mishra.156@example.com,9824022357,Ahmedabad,0,"Python, Tableau, SQL"
157,Sonia Verma,sonia.verma.157@example.com,9919382051,Noida,7,"Python, Machine Learning, SQL"
158,Rahul Dubey,rahul.dubey.158@example.com,9294872482,Ahmedabad,6,"SQL, Statistics, Power BI"
159,Ananya Bansal,ananya.bansal.159@example.com,9473620340,Hyderabad,5,"Excel, Power BI, SQL"
160,Ankit Patel,ankit.patel.160@example.com,9454123990,Hyderabad,7,"Python, Tableau, SQL"
161,Pooja Tiwari,pooja.tiwari.161@example.com,9139403247,Chennai,1,"Excel, Power BI, SQL"
162,Karan Mehta,karan.mehta.162@example.com,9224469868,Hyderabad,8,"SQL, Python, Excel"
163,Shreya Agarwal,shreya.agarwal.163@example.com,9543721204,Delhi,3,"Python, Machine Learning, SQL"
164,Neha Rao,neha.rao.164@example.com,9912224654,Chennai,7,"SQL, Python, Excel"
165,Diya Dubey,diya.dubey.165@example.com,9689720101,Noida,4,"SQL, Statistics, Power BI"
166,Sakshi Singh,sakshi.singh.166@example.com,9130998324,Ahmedabad,3,"Python, Pandas, SQL"
167,Manish Tiwari,manish.tiwari.167@example.com,9114682844,Kolkata,6,"SQL, Power BI, Excel"
168,Ishaan Singh,ishaan.singh.168@example.com,9595475899,Gurgaon,2,"SQL, Statistics, Power BI"
169,Khushi Saxena,khushi.saxena.169@example.com,9857429971,Mumbai,6,"SQL, Statistics, Power BI"
170,Rohan Mishra,rohan.mishra.170@example.com,9590470737,Kolkata,2,"JavaScript, Python, SQL"
171,Deepak Rao,deepak.rao.171@example.com,9645719501,Noida,1,"Python, Tableau, SQL"
172,Pranav Mehta,pranav.mehta.172@example.com,9945805127,Kolkata,4,"SQL, Python, Excel"
173,Khushi Joshi,khushi.joshi.173@example.com,9999232921,Ahmedabad,7,"Python, Pandas, SQL"
174,Rahul Tiwari,rahul.tiwari.174@example.com,9620057604,Pune,5,"Python, Machine Learning, SQL"
175,Shreya Malhotra,shreya.malhotra.175@example.com,9588922557,Pune,3,"Java, SQL, Python"
176,Sonia Malhotra,sonia.malhotra.176@example.com,9350785761,Hyderabad,0,"Excel, Power BI, SQL"
177,Rohan Malhotra,rohan.malhotra.177@example.com,9514548900,Noida,7,"SQL, Python, Excel"
178,Aryan Saxena,aryan.saxena.178@example.com,9733701411,Pune,1,"SQL, Statistics, Power BI"
179,Ankit Saxena,ankit.saxena.179@example.com,9590622789,Delhi,2,"JavaScript, Python, SQL"
180,Ayush Gupta,ayush.gupta.180@example.com,9604111692,Mumbai,5,"Excel, Tableau, Python"
181,Pooja Gupta,pooja.gupta.181@example.com,9452794611,Kolkata,6,"Excel, Power BI, SQL"
182,Sakshi Tiwari,sakshi.tiwari.182@example.com,9138546365,Ahmedabad,1,"Java, SQL, Python"
183,Khushi Mishra,khushi.mishra.183@example.com,9901834280,Gurgaon,6,"SQL, Power BI, Excel"
184,Ankit Agarwal,ankit.agarwal.184@example.com,9278632824,Mumbai,0,"SQL, Python, Excel"
185,Meera Verma,meera.verma.185@example.com,9415001254,Pune,5,"JavaScript, Python, SQL"
186,Ayush Mishra,ayush.mishra.186@example.com,9670335494,Hyderabad,2,"Python, Pandas, SQL"
187,Chetan Gupta,chetan.gupta.187@example.com,9754436820,Hyderabad,3,"SQL, Statistics, Power BI"
188,Tanvi Kumar,tanvi.kumar.188@example.com,9349310440,Chennai,4,"SQL, Statistics, Power BI"
189,Karan Sharma,karan.sharma.189@example.com,9963968184,Chennai,4,"Python, Machine Learning, SQL"
190,Bhavya Gupta,bhavya.gupta.190@example.com,9574303740,Pune,4,"JavaScript, Python, SQL"
191,Karan Agarwal,karan.agarwal.191@example.com,9424400672,Bangalore,6,"SQL, Statistics, Power BI"
192,Ankit Mishra,ankit.mishra.192@example.com,9509486794,Ahmedabad,5,"Excel, Tableau, Python"
193,Khushi Joshi,khushi.joshi.193@example.com,9123557463,Hyderabad,4,"SQL, Python, Excel"
194,Sonia Verma,sonia.verma.194@example.com,9751124015,Chennai,4,"Java, SQL, Python"
195,Varun Kapoor,varun.kapoor.195@example.com,9335154329,Bangalore,4,"Python, Pandas, SQL"
196,Ankit Verma,ankit.verma.196@example.com,9431714152,Chennai,0,"Excel, Tableau, Python"
197,Neha Kumar,neha.kumar.197@example.com,9196779973,Mumbai,5,"JavaScript, Python, SQL"
198,Chetan Shah,chetan.shah.198@example.com,9241905500,Kolkata,5,"Python, Machine Learning, SQL"
199,Sameer Dubey,sameer.dubey.199@example.com,9991713190,Noida,4,"SQL, Statistics, Power BI"
200,Khushi Mehta,khushi.mehta.200@example.com,9963538119,Gurgaon,7,"SQL, Power BI, Excel"
201,Ayush Mishra,ayush.mishra.201@example.com,9826197069,Hyderabad,8,"Excel, Power BI, SQL"
202,Ananya Malhotra,ananya.malhotra.202@example.com,9114945047,Mumbai,8,"SQL, Power BI, Excel"
203,Riya Kapoor,riya.kapoor.203@example.com,9822443971,Mumbai,6,"Excel, Power BI, SQL"
204,Ankit Mishra,ankit.mishra.204@example.com,9606244434,Delhi,8,"Excel, Power BI, SQL"
205,Vikas Mishra,vikas.mishra.205@example.com,9795411453,Gurgaon,7,"Python, Tableau, SQL"
206,Pranav Singh,pranav.singh.206@example.com,9250084428,Delhi,0,"Python, Tableau, SQL"
207,Sakshi Singh,sakshi.singh.207@example.com,9204359116,Bangalore,8,"Python, Pandas, SQL"
208,Nikhil Agarwal,nikhil.agarwal.208@example.com,9498370582,Kolkata,6,"Excel, Tableau, Python"
209,Ayush Chopra,ayush.chopra.209@example.com,9803217037,Gurgaon,7,"Excel, Tableau, Python"
210,Pranav Dubey,pranav.dubey.210@example.com,9135128844,Pune,3,"SQL, Statistics, Power BI"
211,Rahul Mishra,rahul.mishra.211@example.com,9489431174,Gurgaon,5,"Python, Machine Learning, SQL"
212,Naman Verma,naman.verma.212@example.com,9527499187,Mumbai,3,"SQL, Power BI, Excel"
213,Riya Gupta,riya.gupta.213@example.com,9811642514,Bangalore,0,"SQL, Python, Excel"
214,Mohit Mishra,mohit.mishra.214@example.com,9235209737,Ahmedabad,3,"SQL, Power BI, Excel"
215,Sneha Shah,sneha.shah.215@example.com,9729624046,Bangalore,3,"Excel, Power BI, SQL"
216,Ayush Rao,ayush.rao.216@example.com,9103044648,Mumbai,2,"Python, Pandas, SQL"
217,Shreya Dubey,shreya.dubey.217@example.com,9957397689,Noida,1,"SQL, Python, Excel"
218,Aryan Sharma,aryan.sharma.218@example.com,9484659715,Bangalore,5,"SQL, Python, Excel"
219,Chetan Dubey,chetan.dubey.219@example.com,9156263020,Noida,6,"Python, Machine Learning, SQL"
220,Arjun Gupta,arjun.gupta.220@example.com,9611365210,Chennai,5,"Python, Machine Learning, SQL"
221,Tanvi Singh,tanvi.singh.221@example.com,9585337126,Kolkata,3,"Excel, Tableau, Python"
222,Aditya Saxena,aditya.saxena.222@example.com,9423873102,Chennai,0,"SQL, Python, Excel"
223,Rohan Malhotra,rohan.malhotra.223@example.com,9557707813,Gurgaon,7,"SQL, Statistics, Power BI"
224,Aman Gupta,aman.gupta.224@example.com,9445864933,Ahmedabad,2,"SQL, Power BI, Excel"
225,Aryan Dubey,aryan.dubey.225@example.com,9770355806,Ahmedabad,8,"Excel, Power BI, SQL"
226,Nikhil Rao,nikhil.rao.226@example.com,9669681065,Mumbai,7,"Python, Machine Learning, SQL"
227,Varun Chopra,varun.chopra.227@example.com,9206492059,Gurgaon,8,"Java, SQL, Python"
228,Priya Agarwal,priya.agarwal.228@example.com,9345343109,Hyderabad,5,"SQL, Statistics, Power BI"
229,Pooja Chopra,pooja.chopra.229@example.com,9883415470,Gurgaon,5,"JavaScript, Python, SQL"
230,Meera Dubey,meera.dubey.230@example.com,9501902658,Noida,7,"SQL, Power BI, Excel"
231,Ananya Gupta,ananya.gupta.231@example.com,9200105056,Hyderabad,1,"Excel, Power BI, SQL"
232,Aryan Tiwari,aryan.tiwari.232@example.com,9164404084,Ahmedabad,8,"Python, Machine Learning, SQL"
233,Mohit Singh,mohit.singh.233@example.com,9541102414,Pune,6,"SQL, Python, Excel"
234,Khushi Rao,khushi.rao.234@example.com,9435489452,Pune,1,"Excel, Tableau, Python"
235,Sameer Shah,sameer.shah.235@example.com,9266140258,Chennai,3,"SQL, Power BI, Excel"
236,Naman Tiwari,naman.tiwari.236@example.com,9494665673,Gurgaon,4,"Excel, Tableau, Python"
237,Ishaan Chopra,ishaan.chopra.237@example.com,9702332331,Ahmedabad,8,"SQL, Python, Excel"
238,Varun Dubey,varun.dubey.238@example.com,9131088245,Noida,4,"Python, Tableau, SQL"
239,Mohit Kapoor,mohit.kapoor.239@example.com,9106556040,Noida,2,"Excel, Tableau, Python"
240,Pooja Gupta,pooja.gupta.240@example.com,9252336745,Delhi,1,"Python, Machine Learning, SQL"
241,Diya Malhotra,diya.malhotra.241@example.com,9550791704,Chennai,5,"Python, Pandas, SQL"
242,Neha Joshi,neha.joshi.242@example.com,9874807770,Pune,1,"SQL, Python, Excel"
243,Ayush Patel,ayush.patel.243@example.com,9910069356,Ahmedabad,0,"SQL, Power BI, Excel"
244,Kavya Agarwal,kavya.agarwal.244@example.com,9810751262,Hyderabad,7,"Excel, Tableau, Python"
245,Rahul Chopra,rahul.chopra.245@example.com,9393310667,Bangalore,8,"SQL, Power BI, Excel"
246,Naman Chopra,naman.chopra.246@example.com,9219066986,Mumbai,7,"Python, Machine Learning, SQL"
247,Manish Verma,manish.verma.247@example.com,9336779871,Hyderabad,0,"SQL, Python, Excel"
248,Diya Joshi,diya.joshi.248@example.com,9326810757,Noida,4,"Python, Tableau, SQL"
249,Meera Singh,meera.singh.249@example.com,9108299923,Chennai,6,"Python, Pandas, SQL"
250,Aryan Malhotra,aryan.malhotra.250@example.com,9671855941,Bangalore,8,"Python, Machine Learning, SQL"
251,Naman Gupta,naman.gupta.251@example.com,9526351920,Delhi,6,"SQL, Python, Excel"
252,Riya Gupta,riya.gupta.252@example.com,9436146289,Ahmedabad,6,"Excel, Tableau, Python"
253,Pooja Chopra,pooja.chopra.253@example.com,9410864588,Gurgaon,6,"SQL, Python, Excel"
254,Meera Patel,meera.patel.254@example.com,9960413104,Ahmedabad,7,"Excel, Power BI, SQL"
255,Ananya Chopra,ananya.chopra.255@example.com,9213669678,Bangalore,6,"Excel, Tableau, Python"
256,Pooja Saxena,pooja.saxena.256@example.com,9184446671,Hyderabad,4,"Excel, Power BI, SQL"
257,Ishaan Mehta,ishaan.mehta.257@example.com,9936571442,Noida,1,"Python, Machine Learning, SQL"
258,Arjun Saxena,arjun.saxena.258@example.com,9647556857,Bangalore,5,"Excel, Power BI, SQL"
259,Ayush Mishra,ayush.mishra.259@example.com,9210385522,Noida,4,"Java, SQL, Python"
260,Chetan Rao,chetan.rao.260@example.com,9264142683,Gurgaon,2,"SQL, Statistics, Power BI"
261,Riya Pandey,riya.pandey.261@example.com,9915911873,Ahmedabad,7,"Excel, Tableau, Python"
262,Vikas Mehta,vikas.mehta.262@example.com,9773469560,Pune,2,"SQL, Statistics, Power BI"
263,Aman Bansal,aman.bansal.263@example.com,9574817290,Mumbai,4,"Excel, Tableau, Python"
264,Akash Kapoor,akash.kapoor.264@example.com,9644748834,Gurgaon,4,"SQL, Statistics, Power BI"
265,Rahul Verma,rahul.verma.265@example.com,9161085229,Pune,4,"SQL, Power BI, Excel"
266,Ananya Rao,ananya.rao.266@example.com,9737888347,Kolkata,6,"SQL, Statistics, Power BI"
267,Tanvi Tiwari,tanvi.tiwari.267@example.com,9950207886,Delhi,7,"Excel, Tableau, Python"
268,Deepak Mehta,deepak.mehta.268@example.com,9749620068,Chennai,8,"Python, Pandas, SQL"
269,Akash Agarwal,akash.agarwal.269@example.com,9211134294,Pune,1,"Python, Machine Learning, SQL"
270,Chetan Verma,chetan.verma.270@example.com,9366012797,Chennai,7,"Python, Machine Learning, SQL"
271,Shivam Rao,shivam.rao.271@example.com,9270452446,Pune,5,"Python, Tableau, SQL"
272,Nikhil Chopra,nikhil.chopra.272@example.com,9931575232,Pune,0,"Excel, Power BI, SQL"
273,Aman Mehta,aman.mehta.273@example.com,9201474984,Kolkata,6,"Python, Tableau, SQL"
274,Karan Rao,karan.rao.274@example.com,9261462131,Pune,1,"Excel, Tableau, Python"
275,Ayush Kapoor,ayush.kapoor.275@example.com,9433108786,Hyderabad,2,"Excel, Tableau, Python"
276,Ananya Joshi,ananya.joshi.276@example.com,9700138002,Hyderabad,5,"Python, Pandas, SQL"
277,Shivam Gupta,shivam.gupta.277@example.com,9793663866,Hyderabad,8,"Excel, Power BI, SQL"
278,Aditi Kapoor,aditi.kapoor.278@example.com,9431642423,Noida,3,"Excel, Power BI, SQL"
279,Sakshi Shah,sakshi.shah.279@example.com,9343248743,Noida,2,"SQL, Power BI, Excel"
280,Khushi Singh,khushi.singh.280@example.com,9645127678,Kolkata,8,"SQL, Python, Excel"
281,Mohit Rao,mohit.rao.281@example.com,9240712839,Ahmedabad,6,"Python, Pandas, SQL"
282,Bhavya Patel,bhavya.patel.282@example.com,9992649957,Ahmedabad,2,"SQL, Statistics, Power BI"
283,Aditya Chopra,aditya.chopra.283@example.com,9491163514,Bangalore,7,"Excel, Tableau, Python"
284,Khushi Agarwal,khushi.agarwal.284@example.com,9351258749,Kolkata,3,"Python, Tableau, SQL"
285,Rohan Shah,rohan.shah.285@example.com,9494966219,Ahmedabad,7,"SQL, Statistics, Power BI"
286,Khushi Malhotra,khushi.malhotra.286@example.com,9639991949,Kolkata,6,"Python, Pandas, SQL"
287,Deepak Rao,deepak.rao.287@example.com,9248604290,Mumbai,0,"SQL, Statistics, Power BI"
288,Neha Tiwari,neha.tiwari.288@example.com,9210154881,Kolkata,1,"Python, Tableau, SQL"
289,Ananya Patel,ananya.patel.289@example.com,9392907427,Chennai,8,"Python, Pandas, SQL"
290,Priya Gupta,priya.gupta.290@example.com,9338411494,Chennai,5,"SQL, Python, Excel"
291,Pranav Verma,pranav.verma.291@example.com,9525689202,Kolkata,5,"Java, SQL, Python"
292,Nikhil Gupta,nikhil.gupta.292@example.com,9502559419,Bangalore,0,"Excel, Power BI, SQL"
293,Ankit Mehta,ankit.mehta.293@example.com,9949738493,Noida,2,"SQL, Python, Excel"
294,Khushi Bansal,khushi.bansal.294@example.com,9847401602,Noida,7,"SQL, Statistics, Power BI"
295,Vikas Sharma,vikas.sharma.295@example.com,9185068029,Delhi,4,"Java, SQL, Python"
296,Ayush Tiwari,ayush.tiwari.296@example.com,9880862406,Ahmedabad,8,"JavaScript, Python, SQL"
297,Arjun Joshi,arjun.joshi.297@example.com,9355164255,Mumbai,1,"SQL, Python, Excel"
298,Isha Chopra,isha.chopra.298@example.com,9786069196,Ahmedabad,7,"SQL, Power BI, Excel"
299,Arjun Bansal,arjun.bansal.299@example.com,9740743666,Kolkata,0,"Python, Machine Learning, SQL"
300,Sonia Mishra,sonia.mishra.300@example.com,9871531100,Noida,4,"JavaScript, Python, SQL"
301,Aarav Rao,aarav.rao.301@example.com,9478833337,Bangalore,6,"Python, Pandas, SQL"
302,Ananya Saxena,ananya.saxena.302@example.com,9487195336,Gurgaon,8,"Python, Machine Learning, SQL"
303,Sameer Saxena,sameer.saxena.303@example.com,9695016134,Delhi,6,"SQL, Statistics, Power BI"
304,Aditya Malhotra,aditya.malhotra.304@example.com,9500830389,Mumbai,0,"Excel, Power BI, SQL"
305,Aman Kapoor,aman.kapoor.305@example.com,9358906986,Gurgaon,5,"Python, Pandas, SQL"
306,Aditya Kapoor,aditya.kapoor.306@example.com,9686277792,Pune,2,"SQL, Statistics, Power BI"
307,Rohan Patel,rohan.patel.307@example.com,9971339002,Noida,1,"SQL, Statistics, Power BI"
308,Aditya Joshi,aditya.joshi.308@example.com,9316456682,Delhi,3,"SQL, Python, Excel"
309,Meera Joshi,meera.joshi.309@example.com,9653388913,Hyderabad,8,"SQL, Statistics, Power BI"
310,Karan Verma,karan.verma.310@example.com,9908839964,Bangalore,4,"Excel, Power BI, SQL"
311,Akash Mehta,akash.mehta.311@example.com,9393364102,Gurgaon,5,"JavaScript, Python, SQL"
312,Pooja Agarwal,pooja.agarwal.312@example.com,9515156661,Pune,2,"SQL, Statistics, Power BI"
313,Sakshi Kapoor,sakshi.kapoor.313@example.com,9956084565,Kolkata,4,"SQL, Power BI, Excel"
314,Priya Gupta,priya.gupta.314@example.com,9562360908,Ahmedabad,2,"Python, Machine Learning, SQL"
315,Khushi Mehta,khushi.mehta.315@example.com,9210163669,Gurgaon,5,"Python, Tableau, SQL"
316,Manish Agarwal,manish.agarwal.316@example.com,9747060047,Hyderabad,2,"SQL, Statistics, Power BI"
317,Naman Agarwal,naman.agarwal.317@example.com,9145478504,Pune,6,"Python, Tableau, SQL"
318,Akash Gupta,akash.gupta.318@example.com,9820678212,Hyderabad,5,"Python, Machine Learning, SQL"
319,Bhavya Sharma,bhavya.sharma.319@example.com,9253308283,Ahmedabad,7,"SQL, Python, Excel"
320,Aryan Gupta,aryan.gupta.320@example.com,9353398109,Pune,5,"JavaScript, Python, SQL"
321,Sonia Verma,sonia.verma.321@example.com,9749715626,Noida,7,"Excel, Power BI, SQL"
322,Neha Agarwal,neha.agarwal.322@example.com,9919355714,Gurgaon,2,"Python, Machine Learning, SQL"
323,Neha Malhotra,neha.malhotra.323@example.com,9437568796,Mumbai,3,"SQL, Power BI, Excel"
324,Aditi Patel,aditi.patel.324@example.com,9635844374,Kolkata,6,"Python, Machine Learning, SQL"
325,Arjun Dubey,arjun.dubey.325@example.com,9932111777,Mumbai,7,"Java, SQL, Python"
326,Vikas Joshi,vikas.joshi.326@example.com,9845156039,Chennai,3,"SQL, Power BI, Excel"
327,Aryan Gupta,aryan.gupta.327@example.com,9585377142,Noida,7,"SQL, Power BI, Excel"
328,Meera Kapoor,meera.kapoor.328@example.com,9861863296,Gurgaon,8,"Python, Machine Learning, SQL"
329,Khushi Joshi,khushi.joshi.329@example.com,9269119969,Noida,5,"Python, Machine Learning, SQL"
330,Ishaan Singh,ishaan.singh.330@example.com,9315801027,Noida,3,"SQL, Statistics, Power BI"
331,Aditi Kapoor,aditi.kapoor.331@example.com,9694875990,Ahmedabad,5,"SQL, Statistics, Power BI"
332,Sneha Kumar,sneha.kumar.332@example.com,9757074545,Gurgaon,1,"Python, Tableau, SQL"
333,Pooja Bansal,pooja.bansal.333@example.com,9664461415,Hyderabad,6,"Excel, Tableau, Python"
334,Aman Kumar,aman.kumar.334@example.com,9440405868,Gurgaon,7,"SQL, Statistics, Power BI"
335,Shivam Kapoor,shivam.kapoor.335@example.com,9237798236,Kolkata,2,"Python, Pandas, SQL"
336,Priya Saxena,priya.saxena.336@example.com,9159499094,Gurgaon,8,"Python, Pandas, SQL"
337,Manish Patel,manish.patel.337@example.com,9273910700,Pune,3,"Excel, Power BI, SQL"
338,Shivam Joshi,shivam.joshi.338@example.com,9184675178,Mumbai,3,"Python, Machine Learning, SQL"
339,Kavya Kumar,kavya.kumar.339@example.com,9771112648,Mumbai,8,"SQL, Power BI, Excel"
340,Sameer Patel,sameer.patel.340@example.com,9735449477,Ahmedabad,2,"Python, Pandas, SQL"
341,Vikas Rao,vikas.rao.341@example.com,9462516271,Ahmedabad,0,"SQL, Python, Excel"
342,Ananya Verma,ananya.verma.342@example.com,9788755699,Ahmedabad,4,"Java, SQL, Python"
343,Sonia Chopra,sonia.chopra.343@example.com,9763688866,Delhi,7,"Python, Machine Learning, SQL"
344,Khushi Joshi,khushi.joshi.344@example.com,9618558050,Bangalore,6,"Python, Tableau, SQL"
345,Riya Gupta,riya.gupta.345@example.com,9839393192,Delhi,2,"SQL, Statistics, Power BI"
346,Pranav Bansal,pranav.bansal.346@example.com,9598690974,Bangalore,5,"Excel, Tableau, Python"
347,Ayush Mehta,ayush.mehta.347@example.com,9871336275,Pune,5,"JavaScript, Python, SQL"
348,Aryan Kapoor,aryan.kapoor.348@example.com,9652955706,Kolkata,1,"Excel, Power BI, SQL"
349,Isha Agarwal,isha.agarwal.349@example.com,9231556899,Mumbai,7,"Java, SQL, Python"
350,Ayush Singh,ayush.singh.350@example.com,9154337019,Mumbai,6,"Excel, Tableau, Python"
351,Pranav Mishra,pranav.mishra.351@example.com,9271476207,Pune,5,"Java, SQL, Python"
352,Bhavya Bansal,bhavya.bansal.352@example.com,9652681586,Chennai,7,"Python, Tableau, SQL"
353,Sakshi Sharma,sakshi.sharma.353@example.com,9196689473,Hyderabad,8,"SQL, Statistics, Power BI"
354,Isha Shah,isha.shah.354@example.com,9726360971,Pune,0,"SQL, Python, Excel"
355,Khushi Bansal,khushi.bansal.355@example.com,9741580895,Chennai,4,"Python, Machine Learning, SQL"
356,Aarav Singh,aarav.singh.356@example.com,9562705171,Noida,4,"Excel, Power BI, SQL"
357,Pooja Kapoor,pooja.kapoor.357@example.com,9148578655,Hyderabad,0,"Excel, Tableau, Python"
358,Sneha Shah,sneha.shah.358@example.com,9489256938,Kolkata,4,"SQL, Power BI, Excel"
359,Nikhil Saxena,nikhil.saxena.359@example.com,9583564328,Kolkata,4,"Excel, Tableau, Python"
360,Vikas Singh,vikas.singh.360@example.com,9238151258,Gurgaon,6,"Excel, Power BI, SQL"
361,Mohit Tiwari,mohit.tiwari.361@example.com,9492566853,Noida,3,"Excel, Tableau, Python"
362,Sameer Malhotra,sameer.malhotra.362@example.com,9636954564,Delhi,0,"SQL, Python, Excel"
363,Aryan Mehta,aryan.mehta.363@example.com,9963251765,Chennai,8,"SQL, Statistics, Power BI"
364,Ayush Rao,ayush.rao.364@example.com,9653520069,Noida,5,"Excel, Tableau, Python"
365,Meera Patel,meera.patel.365@example.com,9521931770,Ahmedabad,4,"Excel, Tableau, Python"
366,Mohit Saxena,mohit.saxena.366@example.com,9989368954,Kolkata,8,"SQL, Statistics, Power BI"
367,Sonia Joshi,sonia.joshi.367@example.com,9609912042,Delhi,5,"Excel, Power BI, SQL"
368,Arjun Chopra,arjun.chopra.368@example.com,9726745401,Mumbai,0,"Excel, Tableau, Python"
369,Rohan Dubey,rohan.dubey.369@example.com,9803935444,Ahmedabad,3,"SQL, Python, Excel"
370,Tanvi Bansal,tanvi.bansal.370@example.com,9283085932,Kolkata,6,"Python, Pandas, SQL"
371,Isha Verma,isha.verma.371@example.com,9714792641,Gurgaon,3,"SQL, Python, Excel"
372,Rahul Mehta,rahul.mehta.372@example.com,9549661921,Noida,6,"Java, SQL, Python"
373,Pranav Saxena,pranav.saxena.373@example.com,9932120169,Ahmedabad,7,"SQL, Python, Excel"
374,Aryan Saxena,aryan.saxena.374@example.com,9322631460,Kolkata,5,"SQL, Statistics, Power BI"
375,Shivam Malhotra,shivam.malhotra.375@example.com,9436889280,Noida,7,"Python, Machine Learning, SQL"
376,Mohit Tiwari,mohit.tiwari.376@example.com,9480412754,Mumbai,7,"Java, SQL, Python"
377,Isha Dubey,isha.dubey.377@example.com,9699240979,Mumbai,3,"Python, Tableau, SQL"
378,Khushi Shah,khushi.shah.378@example.com,9841139461,Chennai,5,"SQL, Statistics, Power BI"
379,Naman Tiwari,naman.tiwari.379@example.com,9954059995,Mumbai,4,"SQL, Power BI, Excel"
380,Sonia Tiwari,sonia.tiwari.380@example.com,9507693523,Hyderabad,5,"Python, Pandas, SQL"
381,Khushi Verma,khushi.verma.381@example.com,9408840720,Gurgaon,5,"SQL, Statistics, Power BI"
382,Karan Bansal,karan.bansal.382@example.com,9329766590,Bangalore,8,"Python, Tableau, SQL"
383,Sneha Dubey,sneha.dubey.383@example.com,9247395716,Gurgaon,3,"Java, SQL, Python"
384,Akash Saxena,akash.saxena.384@example.com,9342313086,Bangalore,0,"SQL, Power BI, Excel"
385,Pranav Mehta,pranav.mehta.385@example.com,9870257350,Chennai,1,"Python, Pandas, SQL"
386,Aarav Tiwari,aarav.tiwari.386@example.com,9269587940,Hyderabad,7,"SQL, Statistics, Power BI"
387,Deepak Joshi,deepak.joshi.387@example.com,9444851196,Mumbai,0,"SQL, Power BI, Excel"
388,Sonia Mishra,sonia.mishra.388@example.com,9674615376,Delhi,2,"JavaScript, Python, SQL"
389,Chetan Verma,chetan.verma.389@example.com,9997866344,Hyderabad,7,"Python, Pandas, SQL"
390,Khushi Verma,khushi.verma.390@example.com,9109950544,Mumbai,1,"Excel, Power BI, SQL"
391,Khushi Agarwal,khushi.agarwal.391@example.com,9788603957,Kolkata,8,"SQL, Statistics, Power BI"
392,Aryan Saxena,aryan.saxena.392@example.com,9602533479,Mumbai,3,"SQL, Power BI, Excel"
393,Mohit Patel,mohit.patel.393@example.com,9885033297,Chennai,4,"Python, Pandas, SQL"
394,Aarav Mehta,aarav.mehta.394@example.com,9949080318,Mumbai,3,"Python, Pandas, SQL"
395,Vikas Malhotra,vikas.malhotra.395@example.com,9987973565,Hyderabad,8,"Excel, Power BI, SQL"
396,Ananya Malhotra,ananya.malhotra.396@example.com,9818608005,Gurgaon,2,"Python, Pandas, SQL"
397,Rohan Mehta,rohan.mehta.397@example.com,9366338529,Delhi,4,"JavaScript, Python, SQL"
398,Isha Agarwal,isha.agarwal.398@example.com,9909340042,Mumbai,5,"Python, Tableau, SQL"
399,Tanvi Pandey,tanvi.pandey.399@example.com,9112279027,Mumbai,5,"Java, SQL, Python"
400,Akash Singh,akash.singh.400@example.com,9599714064,Mumbai,2,"JavaScript, Python, SQL"
401,Sameer Joshi,sameer.joshi.401@example.com,9841193655,Gurgaon,4,"Excel, Power BI, SQL"
402,Vikas Mishra,vikas.mishra.402@example.com,9335287540,Noida,7,"Python, Pandas, SQL"
403,Riya Rao,riya.rao.403@example.com,9501176618,Hyderabad,8,"SQL, Statistics, Power BI"
404,Shreya Shah,shreya.shah.404@example.com,9918040539,Bangalore,1,"Python, Machine Learning, SQL"
405,Rahul Saxena,rahul.saxena.405@example.com,9855663125,Pune,1,"Excel, Tableau, Python"
406,Arjun Verma,arjun.verma.406@example.com,9989889367,Kolkata,8,"Java, SQL, Python"
407,Sonia Tiwari,sonia.tiwari.407@example.com,9260902774,Noida,5,"Python, Machine Learning, SQL"
408,Rahul Singh,rahul.singh.408@example.com,9830461452,Bangalore,7,"SQL, Power BI, Excel"
409,Sameer Agarwal,sameer.agarwal.409@example.com,9968326513,Delhi,7,"Python, Pandas, SQL"
410,Sameer Chopra,sameer.chopra.410@example.com,9590483627,Ahmedabad,0,"Python, Machine Learning, SQL"
411,Riya Joshi,riya.joshi.411@example.com,9876616079,Delhi,6,"Python, Tableau, SQL"
412,Aarav Shah,aarav.shah.412@example.com,9720956992,Gurgaon,0,"JavaScript, Python, SQL"
413,Naman Gupta,naman.gupta.413@example.com,9681069884,Delhi,1,"SQL, Statistics, Power BI"
414,Aditya Joshi,aditya.joshi.414@example.com,9539017530,Noida,2,"JavaScript, Python, SQL"
415,Neha Malhotra,neha.malhotra.415@example.com,9581613078,Hyderabad,6,"SQL, Power BI, Excel"
416,Shreya Kumar,shreya.kumar.416@example.com,9801726890,Pune,1,"Python, Pandas, SQL"
417,Shreya Malhotra,shreya.malhotra.417@example.com,9667840357,Noida,3,"SQL, Python, Excel"
418,Aditi Joshi,aditi.joshi.418@example.com,9597146648,Kolkata,6,"Python, Machine Learning, SQL"
419,Nikhil Mishra,nikhil.mishra.419@example.com,9365764028,Chennai,5,"Python, Pandas, SQL"
420,Kavya Shah,kavya.shah.420@example.com,9878488534,Gurgaon,0,"JavaScript, Python, SQL"
421,Vikas Sharma,vikas.sharma.421@example.com,9358413465,Bangalore,1,"SQL, Power BI, Excel"
422,Varun Verma,varun.verma.422@example.com,9579362443,Ahmedabad,0,"Java, SQL, Python"
423,Aditya Malhotra,aditya.malhotra.423@example.com,9571332733,Bangalore,8,"Java, SQL, Python"
424,Akash Kumar,akash.kumar.424@example.com,9641054044,Mumbai,3,"Excel, Tableau, Python"
425,Meera Pandey,meera.pandey.425@example.com,9742009209,Pune,3,"Python, Tableau, SQL"
426,Ayush Saxena,ayush.saxena.426@example.com,9337342839,Hyderabad,4,"Python, Tableau, SQL"
427,Akash Tiwari,akash.tiwari.427@example.com,9735297732,Noida,6,"Python, Machine Learning, SQL"
428,Sakshi Verma,sakshi.verma.428@example.com,9469812603,Hyderabad,8,"Excel, Power BI, SQL"
429,Pranav Chopra,pranav.chopra.429@example.com,9260221190,Mumbai,6,"Python, Pandas, SQL"
430,Shreya Bansal,shreya.bansal.430@example.com,9358737619,Bangalore,4,"Python, Pandas, SQL"
431,Riya Verma,riya.verma.431@example.com,9703857319,Hyderabad,6,"Python, Machine Learning, SQL"
432,Shivam Kumar,shivam.kumar.432@example.com,9517061783,Bangalore,4,"Java, SQL, Python"
433,Mohit Gupta,mohit.gupta.433@example.com,9582954920,Pune,1,"Python, Machine Learning, SQL"
434,Deepak Verma,deepak.verma.434@example.com,9388258432,Hyderabad,0,"SQL, Power BI, Excel"
435,Deepak Pandey,deepak.pandey.435@example.com,9877716824,Kolkata,3,"SQL, Statistics, Power BI"
436,Diya Mehta,diya.mehta.436@example.com,9425545658,Delhi,3,"Java, SQL, Python"
437,Arjun Bansal,arjun.bansal.437@example.com,9360482447,Ahmedabad,3,"JavaScript, Python, SQL"
438,Isha Tiwari,isha.tiwari.438@example.com,9445331485,Mumbai,6,"SQL, Statistics, Power BI"
439,Shreya Kapoor,shreya.kapoor.439@example.com,9431165907,Mumbai,5,"Python, Machine Learning, SQL"
440,Sakshi Agarwal,sakshi.agarwal.440@example.com,9205879779,Chennai,5,"Java, SQL, Python"
441,Neha Mehta,neha.mehta.441@example.com,9544454140,Delhi,3,"Python, Pandas, SQL"
442,Aditi Dubey,aditi.dubey.442@example.com,9694113766,Ahmedabad,6,"Python, Tableau, SQL"
443,Ayush Shah,ayush.shah.443@example.com,9454190155,Bangalore,6,"Excel, Tableau, Python"
444,Isha Bansal,isha.bansal.444@example.com,9691247918,Pune,4,"SQL, Statistics, Power BI"
445,Sakshi Agarwal,sakshi.agarwal.445@example.com,9280639501,Pune,2,"Python, Pandas, SQL"
446,Shreya Bansal,shreya.bansal.446@example.com,9297619784,Kolkata,0,"Python, Machine Learning, SQL"
447,Aditya Gupta,aditya.gupta.447@example.com,9978316418,Delhi,0,"JavaScript, Python, SQL"
448,Aryan Mishra,aryan.mishra.448@example.com,9172980019,Noida,0,"Java, SQL, Python"
449,Sameer Agarwal,sameer.agarwal.449@example.com,9500721199,Delhi,7,"SQL, Statistics, Power BI"
450,Aditi Sharma,aditi.sharma.450@example.com,9671458801,Kolkata,6,"SQL, Python, Excel"
451,Aditi Saxena,aditi.saxena.451@example.com,9875448533,Mumbai,8,"Python, Tableau, SQL"
452,Aditi Saxena,aditi.saxena.452@example.com,9973120912,Hyderabad,2,"SQL, Power BI, Excel"
453,Ankit Saxena,ankit.saxena.453@example.com,9259877461,Bangalore,3,"Excel, Tableau, Python"
454,Shivam Dubey,shivam.dubey.454@example.com,9975329786,Pune,4,"JavaScript, Python, SQL"
455,Ananya Kapoor,ananya.kapoor.455@example.com,9535968611,Chennai,3,"Java, SQL, Python"
456,Manish Gupta,manish.gupta.456@example.com,9801943382,Delhi,1,"JavaScript, Python, SQL"
457,Nikhil Malhotra,nikhil.malhotra.457@example.com,9693458652,Chennai,0,"SQL, Python, Excel"
458,Bhavya Gupta,bhavya.gupta.458@example.com,9636718857,Hyderabad,5,"Excel, Tableau, Python"
459,Ankit Saxena,ankit.saxena.459@example.com,9145689604,Bangalore,3,"Excel, Tableau, Python"
460,Rohan Dubey,rohan.dubey.460@example.com,9149995533,Gurgaon,4,"Python, Machine Learning, SQL"
461,Sonia Verma,sonia.verma.461@example.com,9292580427,Pune,0,"Java, SQL, Python"
462,Tanvi Kumar,tanvi.kumar.462@example.com,9907727084,Hyderabad,1,"Python, Tableau, SQL"
463,Bhavya Pandey,bhavya.pandey.463@example.com,9358205053,Ahmedabad,6,"Python, Machine Learning, SQL"
464,Mohit Malhotra,mohit.malhotra.464@example.com,9911329267,Noida,1,"Python, Machine Learning, SQL"
465,Naman Verma,naman.verma.465@example.com,9204889313,Hyderabad,3,"SQL, Power BI, Excel"
466,Mohit Rao,mohit.rao.466@example.com,9925713533,Ahmedabad,6,"Excel, Power BI, SQL"
467,Aditi Dubey,aditi.dubey.467@example.com,9941328406,Chennai,7,"Java, SQL, Python"
468,Naman Tiwari,naman.tiwari.468@example.com,9503111666,Hyderabad,2,"Excel, Tableau, Python"
469,Nikhil Gupta,nikhil.gupta.469@example.com,9929108437,Ahmedabad,4,"Java, SQL, Python"
470,Aman Gupta,aman.gupta.470@example.com,9387732777,Noida,6,"Python, Pandas, SQL"
471,Nikhil Mehta,nikhil.mehta.471@example.com,9487298927,Gurgaon,1,"SQL, Python, Excel"
472,Manish Agarwal,manish.agarwal.472@example.com,9486458467,Mumbai,1,"Python, Pandas, SQL"
473,Ananya Patel,ananya.patel.473@example.com,9562760731,Chennai,8,"Python, Machine Learning, SQL"
474,Sameer Chopra,sameer.chopra.474@example.com,9210909937,Delhi,1,"Excel, Power BI, SQL"
475,Sneha Gupta,sneha.gupta.475@example.com,9740942859,Ahmedabad,5,"JavaScript, Python, SQL"
476,Aarav Joshi,aarav.joshi.476@example.com,9544325176,Hyderabad,1,"Python, Machine Learning, SQL"
477,Isha Pandey,isha.pandey.477@example.com,9659531734,Noida,6,"Python, Pandas, SQL"
478,Aryan Dubey,aryan.dubey.478@example.com,9423337234,Mumbai,7,"Python, Pandas, SQL"
479,Aman Patel,aman.patel.479@example.com,9566730092,Mumbai,6,"Python, Tableau, SQL"
480,Rohan Gupta,rohan.gupta.480@example.com,9487754927,Mumbai,3,"SQL, Statistics, Power BI"
481,Varun Rao,varun.rao.481@example.com,9309968304,Chennai,1,"Python, Pandas, SQL"
482,Manish Sharma,manish.sharma.482@example.com,9524871030,Pune,6,"Excel, Power BI, SQL"
483,Rahul Mehta,rahul.mehta.483@example.com,9562370643,Ahmedabad,2,"Python, Tableau, SQL"
484,Meera Rao,meera.rao.484@example.com,9846564420,Bangalore,7,"Excel, Power BI, SQL"
485,Chetan Malhotra,chetan.malhotra.485@example.com,9442671456,Mumbai,7,"Excel, Tableau, Python"
486,Isha Mehta,isha.mehta.486@example.com,9503786306,Mumbai,6,"Excel, Power BI, SQL"
487,Arjun Pandey,arjun.pandey.487@example.com,9314533665,Ahmedabad,8,"Python, Pandas, SQL"
488,Sneha Sharma,sneha.sharma.488@example.com,9880839406,Chennai,3,"SQL, Statistics, Power BI"
489,Khushi Gupta,khushi.gupta.489@example.com,9979357576,Hyderabad,7,"Python, Pandas, SQL"
490,Manish Mishra,manish.mishra.490@example.com,9371314895,Noida,6,"JavaScript, Python, SQL"
491,Aman Agarwal,aman.agarwal.491@example.com,9742026586,Chennai,6,"Python, Machine Learning, SQL"
492,Sameer Chopra,sameer.chopra.492@example.com,9683734594,Delhi,5,"Python, Machine Learning, SQL"
493,Varun Gupta,varun.gupta.493@example.com,9217434526,Bangalore,5,"Python, Pandas, SQL"
494,Vikas Verma,vikas.verma.494@example.com,9704753177,Hyderabad,5,"JavaScript, Python, SQL"
495,Ankit Sharma,ankit.sharma.495@example.com,9205877984,Mumbai,3,"Python, Machine Learning, SQL"
496,Shivam Tiwari,shivam.tiwari.496@example.com,9723326773,Ahmedabad,3,"SQL, Statistics, Power BI"
497,Neha Malhotra,neha.malhotra.497@example.com,9597210335,Ahmedabad,8,"Python, Pandas, SQL"
498,Naman Sharma,naman.sharma.498@example.com,9618371508,Gurgaon,4,"JavaScript, Python, SQL"
499,Ananya Singh,ananya.singh.499@example.com,9992620629,Noida,5,"Python, Tableau, SQL"
500,Mohit Agarwal,mohit.agarwal.500@example.com,9942103498,Bangalore,8,"SQL, Statistics, Power BI"
